shmulevich,basca,onestep,kmeans
0.3745401188473625,0.48659930152219955,0.46447381711865404,0.46447381711865404
0.18182496720710062,0.6785995362163297,0.5849834929572632,0.5849834929572632
0.13949386065204183,0.4112159137553638,0.40038723949673927,0.4003872394967392
0.3046137691733707,0.5238486728205198,0.5092706890449876,0.5092706890449876
0.4951769101112702,0.40344399310034057,0.40455701662400767,0.5475686390961481
0.1959828624191452,0.46161515478717474,0.5067806194307511,0.5067806194307511
0.2713490317738959,0.6724465319561441,0.5831525074884951,0.5831525074884951
0.3584657285442726,0.5326615361959448,0.4547458294787309,0.45474582947873093
0.3109823217156622,0.5477565259947537,0.5243614889015786,0.5243614889015786
0.42754101835854963,0.27356763214842567,0.345746775479442,0.34574677547944194
0.22879816549162246,0.45947680710016625,0.46028220555120153,0.5132410338673454
0.289751452913768,0.4145468474147094,0.49756111145491144,0.5586867512873677
0.11005192452767676,0.6590937288708141,0.5561844158480069,0.5561844158480069
0.22210781047073025,0.6109047903192719,0.6007581605762217,0.6007581605762217
0.25178229582536416,0.39906340785457756,0.42186849999380144,0.6375572655800489
0.489452760277563,0.3657540158945317,0.5409490189963369,0.5409490189963369
0.18651851039985423,0.45177890839700585,0.4233952283906728,0.4233952283906728
0.13752094414599325,0.3066155607492377,0.440420426096753,0.440420426096753
0.24185229090045168,0.4353584647031325,0.48296594118417413,0.5798370006420277
0.3390297910487007,0.4911555159429644,0.5388496304351732,0.5388496304351732
0.6064290596595899,0.38402888687710185,0.3948401586674634,0.3948401586674634
0.3253996981592677,0.4370667437629269,0.4775899574648307,0.47758995746483074
0.24398964337908358,0.480703164001116,0.5085797538177732,0.6675605542479006
0.17711067940704894,0.38664502812985985,0.3959131150314035,0.3959131150314035
0.3701587002554444,0.6405968018923371,0.6014085560238871,0.6014085560238871
0.2944488920695857,0.4709494955301377,0.48733215411849756,0.5846011807848897
0.29359184426449336,0.43891040179174595,0.5491622988412278,0.5491622988412278
0.6499639307777652,0.7488797733469021,0.6839829716939492,0.7117549601727129
0.2865412521282844,0.4205904853862021,0.41974049714801626,0.6287470947789274
0.21582102749684318,0.44121695073303363,0.41357165497417775,0.4135716549741778
0.2708322512620742,0.41962841062122064,0.44492480834281345,0.5779666509191281
0.4089529444142699,0.567472813399667,0.5251746771747446,0.5251746771747445
0.5492266647061205,0.4844133635669552,0.49951013149547907,0.7427246752449485
0.3559726786512616,0.2360226595790889,0.40480933226614546,0.40480933226614546
0.17320186991001518,0.2739072422682432,0.3076802392200969,0.3076802392200969
0.5031362585800877,0.3330353428307587,0.38349424823019723,0.3834942482301972
0.19579113478929644,0.7743194301992085,0.6016863357481246,0.6598997808490527
0.28185477477339993,0.5009912018550591,0.4553013166658951,0.455301316665895
0.2820345725713065,0.45548870967559524,0.47478412095506267,0.4747841209550626
0.7508710677914974,0.5899325475832579,0.6160960097969829,0.616096009796983
0.32004960103061175,0.6658549192777994,0.5595521013224296,0.5595521013224296
0.44844552197831977,0.5109417050508029,0.5512740762292698,0.6755616572143525
0.3509150125520787,0.6695735125591447,0.4066251163121604,0.561642603006787
0.6182180633162611,0.38060487268454846,0.40911330642364224,0.4091133064236423
0.3706421470668909,0.5648188853949287,0.5775577931362137,0.5775577931362137
0.4242220092469763,0.2715199627575241,0.33949348206876323,0.4938780733088612
0.22359583851945264,0.47911967231043184,0.522931274103037,0.522931274103037
0.5230978441701488,0.29844720445277384,0.409228671167528,0.6223915081041438
0.2809631895922303,0.628478359109663,0.5072193675158749,0.6482162180007092
0.1881211597237613,0.7972637027338516,0.6788847052285696,0.6788847052285696
0.30952761628632774,0.6104137694489998,0.5684452790466901,0.5684452790466901
0.3764633668780496,0.5158291161132044,0.5226745967762627,0.5226745967762627
0.27340707193070624,0.7162297100316365,0.6217452837976817,0.6217452837976817
0.24734810174319766,0.662209560391569,0.6205317576617987,0.6205317576617986
0.22864280550346272,0.4392352094683169,0.46060246272781635,0.46060246272781635
0.13401522845064073,0.2687490473315189,0.3619977941683843,0.5713093289503497
0.13637147558676976,0.5136963044391811,0.5015338079353333,0.5015338079353333
0.25824438829895835,0.7028698564845083,0.5952178104323514,0.6427700491230856
0.4591357562382613,0.39394368326288476,0.4084474776087568,0.528692273762189
0.13882717264941014,0.268978151066267,0.4242188205740739,0.47795207888923774
0.2785903390319586,0.32143010004001704,0.3390415918743212,0.37608499249275756
0.2768776481472037,0.45238901881905574,0.45539691274194316,0.45539691274194316
0.18452101935637732,0.3106752919568966,0.4076292790642661,0.4895210482668275
0.24247050363472966,0.6229834261697877,0.42721932064783125,0.590888510248436
0.11976213181925122,0.41296977555348596,0.4451693345329444,0.4451693345329444
0.28377590579872447,0.4843830440241136,0.4008150346562058,0.43791010193342966
0.6057748193568872,0.4809357726273667,0.5059641685267038,0.5059641685267038
0.39785559904574164,0.6950092577321174,0.6057993716488899,0.6057993716488899
0.5567628930139298,0.418370993337107,0.4713899733880236,0.4713899733880236
0.24240973241508024,0.3745578375103302,0.372996424509292,0.372996424509292
0.25464065476376385,0.4345968553727532,0.47367518430805994,0.5346849044627155
0.3488682665429953,0.6632531079057442,0.5705652856243495,0.616849213112921
0.5744731131799119,0.3880502166138282,0.4643815280981347,0.4643815280981347
0.3588304841235025,0.5941313227326597,0.5845870028383148,0.5845870028383149
0.3838912213732114,0.6859236880451216,0.599439659837857,0.643514545745959
0.3349056146570861,0.4341833533167038,0.4697689790621048,0.4697689790621047
0.15167487973275118,0.455985716793612,0.4861817875412898,0.4861817875412898
0.39728729056036727,0.5192174617228322,0.47417609077674816,0.4741760907767482
0.34569599350391944,0.6386701196166102,0.6226660738354564,0.6226660738354564
0.1533514031160802,0.3296200410002731,0.39862154213467216,0.6312713426320807
0.424130671302386,0.43748502135325906,0.5164785417796569,0.5164785417796569
0.3351972416459009,0.7150867610954317,0.6204545044619987,0.6204545044619987
0.3334991716911442,0.6374484255238356,0.582835954213654,0.5828359542136541
0.3623938991166331,0.29349936102830754,0.4762255968823008,0.6511356230627685
0.41462412372702373,0.2963300452983876,0.45588289120002645,0.5139385326105286
0.19068772066366657,0.3409862691027925,0.40020433301874125,0.40020433301874125
0.400763060875326,0.6675839740016143,0.6245724228039338,0.6245724228039338
0.15615259736619036,0.526366857168556,0.442439423855454,0.442439423855454
0.6527461078518747,0.4479591494256644,0.4336806996982656,0.4336806996982656
0.20498429541582097,0.5326343330945504,0.49664302292811957,0.49664302292811957
0.18143543508979731,0.502233055781095,0.5120650654878927,0.5120650654878927
0.26806364082287626,0.49408685499364846,0.5026730889795643,0.6351817620725873
0.2578876854332023,0.5145327064551903,0.56648698236384,0.56648698236384
0.5256901823026858,0.3989987544110274,0.45553223277583943,0.585725997131633
0.13688563006880727,0.4141166116014997,0.4457665785765361,0.44576657857653607
0.1662833687560794,0.2792549034364735,0.46274464699102313,0.46274464699102313
0.24534910968132095,0.4326730081205381,0.4338259288522661,0.4338259288522662
0.21494037859075676,0.3793151457505307,0.405090007155851,0.405090007155851
0.2464020332391068,0.5919468563169672,0.4699306287786954,0.5168840937343862
0.2721451372299627,0.5181182199135215,0.5259419457349079,0.5259419457349079
0.4894249636431405,0.6003421570445377,0.567598143835022,0.567598143835022
0.18057534512733353,0.39457733618611585,0.4798933942589289,0.47989339425892885
0.47421421665746377,0.5858172419521519,0.6155379057772521,0.6155379057772521
0.23000883728770305,0.4680724211250596,0.42086791872963303,0.42086791872963303
0.23295947475363377,0.42912189765370357,0.4353432415924729,0.43534324159247284
0.47987562030390885,0.6973468760747485,0.6766635953045669,0.6766635953045669
0.23877714576830233,0.5794696519329808,0.5729717200747937,0.5729717200747937
0.21825388786506417,0.553710208214466,0.5519529997277176,0.5519529997277175
0.41758077578492836,0.5404064502302888,0.5587874296439388,0.6157130234702033
0.3501252591667301,0.43140688509161934,0.46566357766940414,0.4656635776694042
0.39624201890265875,0.5461313184782255,0.533551790936822,0.5335517909368221
0.22381761482262308,0.4012872327410598,0.43381545411224753,0.4338154541122475
0.2597537837603262,0.73237902768195,0.585002489509197,0.585002489509197
0.22018320194981134,0.35038488963822967,0.3716006949490928,0.5103674567376544
0.34780920790219305,0.7377210870829958,0.5935530659035273,0.5935530659035273
0.1586051052930737,0.388608241754129,0.424902524783488,0.424902524783488
0.1288698674734452,0.625487995026222,0.46450665653666523,0.52123163915277
0.2598035810641598,0.39989448039000763,0.434574653883066,0.6582562692878449
0.30096356694681625,0.4872470295863171,0.5067251734006281,0.506725173400628
0.34588305695295674,0.464026758564615,0.4708528615707875,0.47085286157078743
0.2736266662816659,0.5859692835055854,0.5326774154959973,0.5326774154959973
0.16362382119166918,0.5529491193054054,0.4877379807909191,0.4877379807909191
0.27421520234867003,0.5354303743533437,0.6742278239229884,0.6742278239229884
0.18552551570312115,0.5624383660337211,0.5474109765944323,0.5474109765944323
0.13124487768238757,0.3739475961015628,0.4275469873196056,0.42754698731960555
0.4303058948994627,0.3154153107998997,0.3523615200569683,0.3523615200569683
0.26899340443509767,0.3010122688164385,0.3680317558732736,0.49206603156263823
0.48050694725782894,0.3612759815601782,0.42455394249844064,0.5409092884545103
0.3264613082439919,0.20716390369441262,0.282433141662719,0.37362322829702915
0.39692327620159606,0.4822320622315771,0.4402338189621381,0.4402338189621381
0.33945019254280606,0.44037326392193826,0.4553711525764506,0.4553711525764506
0.45231828451830014,0.26697413327444486,0.36655864953785433,0.36655864953785433
0.498195716453139,0.4175457541121229,0.5489294985813631,0.5489294985813631
0.19954245092914513,0.391909146134465,0.4477098742799822,0.44770987427998227
0.2576828885112137,0.5948960132528122,0.5742982180673954,0.5742982180673954
0.4217209268734554,0.6588039945042494,0.6537066841528594,0.6537066841528594
0.6229665835634828,0.4302549542436802,0.4720037599105229,0.4720037599105228
0.3592333693997657,0.7236679724022532,0.6517640181135563,0.6517640181135562
0.25813343270112754,0.5552631029624657,0.5647297370605986,0.5647297370605986
0.16975790508754074,0.3839453500465461,0.4587316137780745,0.4587316137780745
0.16704190790094986,0.3211250460190658,0.4174818774680771,0.481051494152137
0.4521990282834353,0.36097431990021245,0.5794588842059544,0.4901500239232287
0.3161561049767505,0.7535191161677612,0.5428845791765687,0.5428845791765687
0.1396512547563129,0.381334898612525,0.3769393562993661,0.3769393562993661
0.44375021930457115,0.5581761687648488,0.5240805904007897,0.5240805904007897
0.21567515239771717,0.35642495820307224,0.4059162428908655,0.6972521431204546
0.3938644056541585,0.5290704688821813,0.5310142732792007,0.5310142732792007
0.404140321651033,0.6173048232751263,0.6044302058511315,0.6044302058511314
0.12020905537060844,0.22239744263543937,0.48942505081446963,0.48942505081446963
0.22726962726315147,0.5334713185909752,0.49052244823265123,0.4905224482326513
0.34124782762615635,0.3895091998413788,0.0,0.4336407810607298
0.1957779856835461,0.44547850536545114,0.47139632738916193,0.47139632738916193
0.25677656772050794,0.671093587253959,0.5835706921875887,0.5835706921875887
0.27262400073353377,0.46935624259620584,0.4400919278942813,0.4400919278942813
0.25656278370136376,0.37005421521064424,0.4043945259537938,0.4043945259537937
0.4110284698067047,0.715084924138891,0.5423785541042565,0.6458428981907773
0.23687055897448206,0.537813501706901,0.5148302338861976,0.5148302338861976
0.54669741271407,0.38171860640242283,0.3948502465843506,0.39485024658435064
0.23194709611597542,0.41625919151495344,0.5484236957606288,0.5484236957606288
0.27416066655980587,0.4262737917831075,0.45523509778093413,0.4552350977809341
0.1918673247187429,0.43702804837010384,0.41473613673266163,0.41473613673266163
0.5329577865513353,0.6043303932086095,0.600765648188253,0.7473627930974653
0.45037093625818514,0.3256523124586208,0.371742863259606,0.5710798233413312
0.3475715242389821,0.5321138201482631,0.5636754672154632,0.5636754672154631
0.5209579772720422,0.3243357304536385,0.40412478681871794,0.40412478681871794
0.26311256991084286,0.3328303590647713,0.621461748713632,0.6214617487136319
0.49696348290583026,0.7090220209259044,0.6449134025123692,0.6449134025123691
0.17352451498650867,0.5489656338338116,0.5379664345257207,0.5379664345257207
0.34609972653778553,0.7028909391241638,0.5605832377744948,0.6560583571378167
0.36753442229153144,0.271186524775972,0.33317712989239434,0.6131495662020741
0.2160381825095996,0.5628649088690368,0.5271938928640836,0.7008158467791699
0.4598004237693202,0.5774178263139367,0.5174843708972221,0.5174843708972221
0.30327514756759555,0.40634863785869263,0.4357717096251858,0.4357717096251858
0.30625362078661167,0.4884130563664871,0.5031147986786372,0.6344288268240543
0.13710970572899905,0.6074792660983628,0.3857470688579535,0.4967304245732041
0.48785404392636245,0.36452775076295196,0.4312918024894989,0.6096920114207383
0.32467592689006,0.6127991072047889,0.5680415610965164,0.5680415610965164
0.4376031240553919,0.5737907372462644,0.5957530588693453,0.5957530588693453
0.46147746462473416,0.26406475259271206,0.3590148402153306,0.6762275920876328
0.5122219208126745,0.33119546081485807,0.3667828118059868,0.3667828118059868
0.2965355812876552,0.5073110097862392,0.512686801872137,0.512686801872137
0.265046428325004,0.5033016042535798,0.4831969607423162,0.4831969607423162
0.5303021332491583,0.4115620849750615,0.4436522096206038,0.4436522096206038
0.22461561184385193,0.46034508210087244,0.49435455777549464,0.4943545577754947
0.3721670238375133,0.5261722860944889,0.5363700145104238,0.6488791763396976
0.46053949727414,0.5945150872178766,0.578468524909194,0.5784685249091941
0.5450269188969383,0.3612278441833226,0.4501160883967278,0.4501160883967278
0.2975484513188206,0.4017005721353248,0.6287540275562497,0.6287540275562497
0.160071634954573,0.548924414199519,0.4995293471650243,0.4995293471650243
0.18802473461541613,0.47828963258178725,0.47361218021552554,0.47361218021552554
0.14888805033244468,0.46108363271705055,0.4679432293447568,0.46794322934475685
0.5930443341867842,0.5208274825706634,0.645132831445811,0.645132831445811
0.3554930104413574,0.22424182513224478,0.3251579288242178,0.3829782300417565
0.26982072012821434,0.384038201195834,0.4061183851750694,0.6094713543664094
0.14745252670628395,0.6124749955912625,0.5416218090988895,0.5416218090988896
0.22061195271121126,0.5097366736789054,0.5024393654734185,0.6488826380479964
0.11833619092338732,0.4908885804617374,0.4632044904264987,0.46320449042649875
0.25929675886577375,0.6748879049572944,0.5861317203664792,0.5861317203664793
0.43685070261517955,0.31147606023072844,0.3620227548995767,0.5391568445569601
0.28218707469320015,0.4462061120854207,0.4443144973996309,0.4443144973996309
0.24697879907199982,0.623484728045674,0.5522646811114841,0.552264681111484
0.3473433262588427,0.24329434868821892,0.45995802096791705,0.4599580209679171
0.2565300624442478,0.48948075126800167,0.5256905261925218,0.5814416788427019
0.3495063720868188,0.4067194293875775,0.43366026876190705,0.48286971637250437
0.5233909113743664,0.31907989162179196,0.3847097443451683,0.38470974434516836
0.4117655415845085,0.5982026682789299,0.6001473687712926,0.6894346449511151
0.1647063534322959,0.3947274712342278,0.40964768610335034,0.4600337630188854
0.4512393441809881,0.6380686825962862,0.6052665025095703,0.6052665025095703
0.38042000750756233,0.24294685373209646,0.33790065408518366,0.5464966311083643
0.3959704726624549,0.7050971342378156,0.5548616373759604,0.6348888274762275
0.2769044873778089,0.6144639927074712,0.5898391086070064,0.5898391086070064
0.440323418368349,0.3211695433854195,0.48098656716535326,0.48098656716535326
0.4177609792750997,0.7357617671225811,0.6011648336834685,0.6895129958490398
0.5273996221226763,0.35740578311012927,0.4124108088661517,0.4124108088661518
0.4592651971732139,0.625518276804428,0.6171980309000041,0.6171980309000041
0.33520804737087273,0.5811824996180968,0.5089754006218854,0.5089754006218854
0.325104015431699,0.5461078674382979,0.5262912208614351,0.6962272930084347
0.1748814371759594,0.3959654207997317,0.4462716803144043,0.44627168031440423
0.21264437637109612,0.47923673361400715,0.4970671106511567,0.49706711065115666
0.260286857566003,0.5535444255841142,0.6046660783504704,0.6046660783504705
0.28003732955048943,0.5812262745394374,0.5551442096741829,0.5551442096741829
0.28152119841492995,0.5157110437282283,0.5021489494773107,0.5021489494773107
0.09653447019544081,0.3850166131122531,0.39304328087576273,0.39304328087576273
0.18533017952871444,0.4163658700084612,0.45663411176661395,0.45663411176661395
0.5214456890435895,0.31818934305157814,0.40556329804204677,0.40556329804204677
0.3169465877911193,0.749243531127417,0.6079737600465068,0.6079737600465068
0.4433800143791877,0.5520304699260581,0.5417953369953964,0.6537819520878472
0.38451132764481255,0.2443680652265801,0.42006644736087395,0.5134705800936323
0.47249335500651357,0.7267868745065666,0.6280280653313048,0.628028065331305
0.10802575413069138,0.24987601230891604,0.3061304308694225,0.35705831243269737
0.29348882320812164,0.45484138359680404,0.4672780451975526,0.6172374155633383
0.2747315255195195,0.6048353523747365,0.6164023902296127,0.6164023902296126
0.3093727178627821,0.4586389659767429,0.45077406333658543,0.45077406333658543
0.25760722033372185,0.3133301210473192,0.31228570076998297,0.4588913893093427
0.3547712918359842,0.4777903910232017,0.4511817299348112,0.4511817299348112
0.5339674725477638,0.3380522981706107,0.4260029134561996,0.42600291345619967
0.29504070765415624,0.20902200138895094,0.3188710338799129,0.35897075636500775
0.42993107739014813,0.5493555824967609,0.5531490717768911,0.553149071776891
0.5821987465941139,0.506591983553705,0.6294908203973141,0.629490820397314
0.14259414408190874,0.5337158279584754,0.47930278071107185,0.4793027807110719
0.2178925542549901,0.5298904353244026,0.53346433415504,0.53346433415504
0.3842067129858002,0.2623798402820805,0.3143826808177982,0.5381528970647722
0.2892447719726545,0.6073683114160338,0.5510149532141492,0.5510149532141492
0.2884054378187457,0.7148251181104746,0.6549961348731237,0.6549961348731237
0.19462383670487193,0.3914446645735687,0.4694400835987774,0.5671532681660912
0.27024769213078326,0.60335096120738,0.5156403346627317,0.6974227242010241
0.20131210782243325,0.7518603601541836,0.44214043816242443,0.6852860255489344
0.2277497361032096,0.3805681824342861,0.4793730731819677,0.5479358828349135
0.27576756825135695,0.7261395223229326,0.65276744766893,0.65276744766893
0.3865405068230279,0.6695386103054142,0.6392580182007466,0.6392580182007466
0.4391498166337483,0.6690283730551454,0.5330750312348019,0.5938117606351558
0.4483190553694222,0.2553883244942468,0.3505474153640601,0.5364037581678454
0.13443512940812186,0.5256239784770607,0.5391026779580894,0.5391026779580894
0.1428502873008386,0.4857203476017944,0.4567354614228377,0.4567354614228377
0.40710648912562764,0.24785560154765335,0.33774345824021385,0.48840118551483686
0.2995656779538739,0.6654059046729837,0.5898228640196562,0.5898228640196561
0.23238432305604784,0.5549798799496677,0.515512472792208,0.5155124727922081
0.32149570124788196,0.5399650411935851,0.5563757165565846,0.7011895948429852
0.24193168031552958,0.3456407111775858,0.39050788069584247,0.3905078806958425
0.49669542281794654,0.3904847578727316,0.4349822859538703,0.5718604382649699
0.27616955782089947,0.41435796724917323,0.38768562063543316,0.38768562063543316
0.10189238806601353,0.5505689874762496,0.5190244169513835,0.5190244169513835
0.37731805396319285,0.5904166534800857,0.6023733287412356,0.6023733287412356
0.16695308874719872,0.3998324837478998,0.42385402330194333,0.4238540233019434
0.29805220863944315,0.5722751835930586,0.5544490664370783,0.5544490664370783
0.20888272400516372,0.5369289570370037,0.5228691796319744,0.5228691796319744
0.4722818041629817,0.5400169632078522,0.4991511487419651,0.49915114874196503
0.5158619027123281,0.4554964051619157,0.4637767100090888,0.4637767100090888
0.12436839900051022,0.3024691117485321,0.2918074975629774,0.5540300405023759
0.3118638579168832,0.5249849792708212,0.4115188673409452,0.6010763353757229
0.2655828329586061,0.4073023292173518,0.45425702883013397,0.5227292356525379
0.2998005275652359,0.4448499113094546,0.48034004200702896,0.5353190302707266
0.2282353634936991,0.632226596640591,0.5663221217760427,0.5663221217760427
0.4738098283979466,0.6459633696984785,0.5929047332115023,0.5929047332115022
0.3656807482613713,0.471989573840866,0.45037731327141545,0.4503773132714154
0.25990497924283285,0.5720592818469998,0.5500147361129576,0.5500147361129577
0.13427485090227553,0.34478335976165375,0.37861517788590543,0.37861517788590543
0.16574977982015593,0.3537599086286806,0.34613433651628556,0.47012320399448254
0.19692570445342839,0.5175600021568925,0.5370978869115728,0.5370978869115728
0.19010764978372763,0.5032678326163622,0.4915898895701652,0.641757695255903
0.47690010646797,0.619895407046738,0.626001415794278,0.6260014157942781
0.1626997438085659,0.42796250425297705,0.39310345400158736,0.39310345400158736
0.22207587069332058,0.5315328549290603,0.5026571363053114,0.5026571363053114
0.28888493890916567,0.5716620791520386,0.5589243052436378,0.5589243052436378
0.3571211593005028,0.6656937796926717,0.6347591194974694,0.6347591194974694
0.5059579077349317,0.3731784103142193,0.41857745503855026,0.4185774550385503
0.4366141897687661,0.6701992733732594,0.6459806467733795,0.6459806467733795
0.4194479939573136,0.6857479031326991,0.6371234757282651,0.6371234757282651
0.20707580921085522,0.6588995094848765,0.5632431452004473,0.5632431452004473
0.15159507480009937,0.4821613690868513,0.4763427006567011,0.47634270065670115
0.4165658284822922,0.6440284658007247,0.4792376524957752,0.5568971926650245
0.22429348328504506,0.5428381944085158,0.5131303261882689,0.5131303261882689
0.3252951340230311,0.5529082670632175,0.573642428745048,0.573642428745048
0.5444969591038651,0.35590913155246273,0.39246867638196714,0.39246867638196714
0.26532613755546697,0.4390856629032985,0.46509811536046775,0.5473575072112701
0.4617161438131191,0.5781557855332022,0.5747203804874264,0.5747203804874264
0.3356104542698427,0.6316213279964153,0.6144904539207391,0.6144904539207392
0.163035336931591,0.5440274090765929,0.4998123284148691,0.4998123284148692
0.23497340499595276,0.6256506630606145,0.5845658214971334,0.5845658214971334
0.2900455319624369,0.47463037885425424,0.5082301206417573,0.5668811170639063
0.250467898792499,0.41110694096812384,0.41519163755155547,0.4151916375515555
0.2876327290436782,0.4766930253256128,0.48201778286440033,0.48201778286440033
0.285758324592706,0.5325245166184512,0.505687623001982,0.505687623001982
0.41833386410228013,0.3480933200959962,0.5760204631907111,0.5760204631907111
0.7045544280274453,0.5636415324606887,0.5541438955924012,0.5541438955924012
0.2053329387067998,0.38525068122807005,0.5139551552515554,0.5139551552515556
0.2508930456911025,0.4481676887288576,0.44350033772192826,0.44350033772192826
0.27109625376406576,0.45528783845817566,0.4949148573706543,0.4949148573706543
0.20263263413534316,0.4955388738354806,0.45751779956267624,0.45751779956267624
0.3990353176424347,0.5613573720839595,0.562658426382137,0.562658426382137
0.25871164215544096,0.5119286542456535,0.3784616999975467,0.4817942084249416
0.1992703364668008,0.44303225363286786,0.45509278763636923,0.4550927876363692
0.2475597702798864,0.5328361206571284,0.4923301501314258,0.4923301501314257
0.2002820178676259,0.360865521017253,0.4249395666018806,0.5550027264806141
0.3684489199165789,0.6254559786421309,0.6242071505544365,0.6242071505544364
0.24838360874320753,0.5363963671354517,0.5220974147414564,0.5220974147414564
0.30104607783431303,0.6335359853528174,0.35547182416053724,0.5686282256059975
0.655173714524338,0.4577051562547837,0.4536673832164662,0.45366738321646616
0.24995694639762123,0.43594581744041666,0.4727225122131194,0.574500720301697
0.30779583168074565,0.6909767932821351,0.626330145134036,0.626330145134036
0.43921060124971734,0.5819589723825982,0.6280910148535355,0.6280910148535355
0.11755130015021997,0.4516217891144382,0.4235123550392251,0.42351235503922513
0.35427132721721566,0.2979040844594487,0.4360290487314129,0.5492190224932535
0.21955392322980194,0.4551287199538019,0.4407893622361996,0.4407893622361996
0.41195809503410197,0.5861619625282286,0.5683476568055227,0.5683476568055226
0.33720657556575206,0.4621817198020039,0.4499661788197687,0.4499661788197687
0.2043163833989703,0.31179402228249614,0.3394257865934057,0.3394257865934057
0.2532723835227151,0.6295501308512452,0.5633464914187256,0.5633464914187256
0.1834421964034345,0.6349237078013867,0.5776927501509295,0.5776927501509296
0.3754689284665004,0.22478717552068372,0.481182741205644,0.48118274120564397
0.22011132590475313,0.7781208194247763,0.6741125770169538,0.6741125770169538
0.21766739958053605,0.3508283838801416,0.3822153379370039,0.3822153379370039
0.5180080664046248,0.3291662922990699,0.3907296098395382,0.3907296098395381
0.5971553059903019,0.39606525294529554,0.46129818528806094,0.4612981852880609
0.4739212201161027,0.39387401417025913,0.4475645365916289,0.49033391027379236
0.18792038081532303,0.5832852076897442,0.5352098752205974,0.5352098752205974
0.6363742815333744,0.48044304085435824,0.5079642364531246,0.5079642364531246
0.18772240569225207,0.4299691464264232,0.4541020275604,0.4541020275604
0.24339668321853047,0.4003467200988493,0.39822500028681734,0.4510953929623854
0.5767023988577563,0.7010590314908522,0.6303738837986798,0.6303738837986799
0.24149648525686784,0.5374115807373787,0.5180053557849855,0.5180053557849855
0.13008066982894695,0.4886861046098284,0.439993671278718,0.4399936712787181
0.5633953507126401,0.30116668370015287,0.0,0.6582888779523886
0.3892304716917885,0.6521244384603435,0.6550329938699037,0.6550329938699038
0.2116358985698612,0.43479137216359265,0.4773344708461798,0.5367316955753187
0.3731226184223836,0.5744992014921881,0.5478394834218044,0.7422115541451224
0.27528821345186016,0.3652301025927583,0.4226291735958868,0.4681260472648318
0.4018871998907301,0.5728162520023671,0.5715433172509898,0.6135788417312082
0.15369104284420454,0.49797118851760996,0.3962642219431292,0.6296167953963943
0.1966535849529587,0.40903939350653507,0.47609631386862905,0.476096313868629
0.28651954892712295,0.7126354229757939,0.5338807393295123,0.5338807393295124
0.21079310155002862,0.601285749892585,0.5440890997669011,0.5440890997669011
0.43974048650790853,0.6141998589830262,0.5802018236960624,0.5802018236960624
0.2325059922078312,0.514656978309809,0.489355501060687,0.489355501060687
0.3024195112785364,0.4135915708012662,0.44354992086519385,0.49604089226455095
0.27364041786077165,0.36661223753719735,0.36809496843082545,0.3680949684308255
0.3064634680428203,0.5163594996108245,0.5240717333511454,0.5240717333511453
0.3138754967224705,0.6398320785999726,0.6326311290429483,0.6326311290429483
0.3282331056783394,0.6228139109942685,0.5783667974718592,0.5783667974718593
0.37217325524689715,0.6120298576193782,0.4472380667582945,0.7131242256677608
0.5708774168394762,0.4282924922501833,0.5194041769282896,0.5868842235972613
0.36739072869707046,0.4656665771538846,0.4713905336028556,0.47139053360285565
0.21820753455217223,0.4452881408043446,0.47897106581503424,0.47897106581503424
0.45832359458757543,0.6181981245768832,0.5477863241693057,0.5477863241693057
0.4299852141210597,0.6787431665009692,0.6477019293793612,0.6477019293793611
0.17070836331248018,0.45422323023849354,0.47772152427886755,0.5282153037370445
0.16067958471184518,0.29942909898009484,0.30790800885112324,0.30790800885112324
0.37975152291931746,0.5002065384561722,0.4718041769697836,0.4718041769697836
0.23693332490664865,0.4765520364081552,0.4530923284884498,0.4530923284884498
0.2344256000115147,0.43490969158733295,0.5564513194668506,0.5564513194668506
0.6114636112256608,0.46450665574162464,0.5512848340277141,0.5512848340277141
0.2610485262348481,0.5327438387467675,0.4997969704557426,0.4997969704557427
0.3433867021776442,0.4838608828401703,0.5132865194817678,0.5132865194817678
0.2466586158054065,0.48623910639244994,0.5529249973300614,0.591397299181372
0.21244727719547296,0.537360541397999,0.5115460728419099,0.5115460728419099
0.27163318127436964,0.5605067162595417,0.5602444527353553,0.5602444527353553
0.2879453426759925,0.3668929963161334,0.37778933337708775,0.37778933337708764
0.5466956820721302,0.776990562260882,0.7059286019410537,0.7363294779291597
0.32679470585777737,0.6889190407680326,0.5168088300032032,0.5776209955370273
0.5322918759514544,0.37349388170740494,0.36828602680520134,0.3682860268052013
0.259670838950414,0.6249870496378043,0.5836180082140401,0.5836180082140401
0.35920874698269034,0.527491076233412,0.5301729587820244,0.5301729587820245
0.20905937370684602,0.6439233122940299,0.5682414353005432,0.5682414353005432
0.3032858908492829,0.5714952375610121,0.5828856132423502,0.5828856132423502
0.4077481050027323,0.2844834584889274,0.35225131954633576,0.40973213236489203
0.35466620498508283,0.48416518762892313,0.49660656065525743,0.49660656065525743
0.25533637376324414,0.5125017686554705,0.4761311782305746,0.4761311782305746
0.1568127053168057,0.3133199759040029,0.49117404688134514,0.49117404688134514
0.4032106331838228,0.8088340659162305,0.6817829735343687,0.6817829735343687
0.42845790384879545,0.6088673015093009,0.5944272188111249,0.5944272188111249
0.8442123252861431,0.7086272629525794,0.6439650864957055,0.6439650864957055
0.27199860534435605,0.5331242272791406,0.5207604510223534,0.5207604510223535
0.2659284506321188,0.5018705411753965,0.49082614439344663,0.49082614439344663
0.4171934185645765,0.482301664945462,0.48540285845345665,0.48540285845345665
0.39310390755940106,0.4977766747629944,0.4475020988069133,0.44750209880691333
0.41962738280681033,0.627287294250607,0.5255875732035269,0.5255875732035269
0.3064328227033716,0.17334541285630184,0.2726501695443372,0.4147179141230421
0.27149200254271133,0.5470336126399538,0.6092624321243146,0.6092624321243145
0.22431855885352625,0.6278537223947835,0.5589676002391886,0.5589676002391886
0.33440117898874866,0.27276356077339303,0.30891607759415757,0.3453336898826064
0.1492494697414739,0.4902257298460377,0.46862200111717844,0.46862200111717844
0.19343534295648257,0.5167075221000803,0.507316170501906,0.507316170501906
0.24053158518014872,0.5418439076789674,0.5299461248702416,0.5299461248702417
0.27064394198176567,0.4242254961164252,0.4890078710356453,0.48900787103564525
0.28943952161948794,0.591810893025519,0.5398381248948754,0.6361210493247101
0.5561906926300116,0.2981647758576891,0.41925717958225955,0.4192571795822595
0.6738388982700046,0.48395318022339123,0.5117013572749477,0.5117013572749477
0.42906236930266595,0.5022107712158823,0.48197741392408716,0.48197741392408716
0.6059969672710255,0.41966489496017606,0.420816669338143,0.42081666933814305
0.258591591134784,0.6063398144805844,0.4137774405438839,0.5406827285509457
0.17464718589632955,0.4872717797648223,0.47475039733591984,0.674398045538728
0.3409585714355583,0.2421200150690997,0.43471985128402024,0.43471985128402024
0.29335342144100984,0.4106472024262146,0.4710728374150101,0.5304872388786092
0.217891379626744,0.44005442049382243,0.4236541443019596,0.4236541443019595
0.3427309254279072,0.5259076318262701,0.4985651428014527,0.4985651428014527
0.25448133161826025,0.44844779137385266,0.4369188103484426,0.4369188103484426
0.24029912345036675,0.45159383780822043,0.29412847577337603,0.39273938906719563
0.3057439574472911,0.6975941351944266,0.6559806515534748,0.6559806515534748
0.3152394346494508,0.49059811461194514,0.45240331283570445,0.45240331283570445
0.18663993979768256,0.3637875460072766,0.406801264094366,0.5032723070195757
0.47849107010718916,0.3373683934066774,0.39917676348030745,0.39917676348030745
0.23374079203674425,0.37522093530886474,0.3937406025566665,0.39374060255666654
0.3077709052931491,0.5246559051135702,0.5224068113600591,0.5224068113600591
0.315773151249496,0.4575431096512067,0.4721739339183914,0.47217393391839135
0.25087909989070023,0.5193633879980821,0.5554238591313032,0.6018519001678355
0.33930526730956745,0.2506141369708906,0.5798509083393876,0.6828919346839848
0.3872744114248413,0.5451334448694848,0.5366150596169479,0.5366150596169479
0.3380844093662614,0.5295764184507702,0.5056061008329638,0.683909071815202
0.16266081510548513,0.44892349577034,0.4414312472221203,0.44143124722212035
0.29632580189980007,0.48652518876462,0.370391127595871,0.6318656312100871
0.4768388777331244,0.27872714145136307,0.4045017446488888,0.4885578200992996
0.40542282513915495,0.6191746817007296,0.5670075342054053,0.5670075342054053
0.481277951219237,0.28370504514145867,0.41625126077503805,0.5086709734130694
0.380951845023475,0.5196583896862758,0.4924536501721226,0.4924536501721226
0.3531028889383895,0.7156210785144019,0.5011517064076604,0.5890733295147264
0.4141410682156662,0.4776274465472555,0.47117614440716615,0.6706810758550339
0.1633667583984202,0.33430316506080016,0.3714099900222785,0.3714099900222785
0.1453266924205041,0.2925390247806221,0.3169710708886082,0.5899485218930219
0.5578736756600732,0.3279406802204071,0.3859547974059814,0.3859547974059814
0.2966124821570931,0.4189412965493856,0.44699677882811917,0.44699677882811917
0.2458474424934003,0.4503505817491516,0.6032234077595827,0.6032234077595827
0.17708225539728983,0.25622693080737613,0.28221254600648843,0.2822125460064884
0.5993597250421656,0.4962534272680904,0.4952693414051783,0.4952693414051783
0.24067051475715306,0.6122373405846264,0.5856953050015571,0.5856953050015572
0.3341927141731099,0.5702716075343397,0.5761926542661888,0.5761926542661888
0.415818568018411,0.27790297237008693,0.48961255538595266,0.5796049220738262
0.3960009663856152,0.4611755802749191,0.5830501198807152,0.5830501198807152
0.35543933736406175,0.7881304951699443,0.7035406303390742,0.7035406303390742
0.16145783406424008,0.41328584653080086,0.40077245669285316,0.4007724566928532
0.26116243251086024,0.3402162454012345,0.4586720024969716,0.49666755054732326
0.2856259885622431,0.3922118739301717,0.3980407016681541,0.39804070166815403
0.40736552421283234,0.3018299132619497,0.35001794976511125,0.35001794976511125
0.42967336335514794,0.6734025773507206,0.6582029611739584,0.6582029611739584
0.19864457689740578,0.36645759829644875,0.372303895538623,0.372303895538623
0.17182946035765845,0.4591951671066694,0.45301382683190716,0.4530138268319072
0.15378370551321618,0.7826189492758152,0.509285150465163,0.680045470380708
0.7201574609309402,0.5036893350680456,0.5180918209438027,0.5180918209438027
0.41068263301028285,0.5728304181247492,0.5487198348023686,0.5487198348023686
0.30338554362913317,0.5326320976751882,0.5337006570626598,0.5337006570626598
0.40532536064695335,0.3587575486080414,0.4631758775753869,0.4631758775753869
0.3702321856845767,0.5639776824016147,0.5696550552489419,0.5696550552489419
0.248539820927426,0.6474999887982835,0.5570360885949023,0.5570360885949023
0.33161684910783396,0.5781477260397786,0.5683072379398082,0.5683072379398082
0.31206404465202064,0.49556817828966465,0.5157912836494928,0.5157912836494929
0.6777232412013204,0.4953213946150715,0.5083925547764544,0.5083925547764545
0.16827858850771282,0.6331873111259919,0.44496116822628706,0.49422808619768666
0.4608983382065819,0.4860059883480412,0.549487786063546,0.5494877860635461
0.36298284040387163,0.5195770060247696,0.5132340623759922,0.5132340623759921
0.13925407078470398,0.6598813168671251,0.5849598179234939,0.5849598179234939
0.3440916178494421,0.7002292320159365,0.6646184850976913,0.6646184850976913
0.19571264009964906,0.5087793020187754,0.4868964459319926,0.4868964459319926
0.4189697737795244,0.6740822242289626,0.6589486460179699,0.6589486460179699
0.16781459564602863,0.5804936874073157,0.517602436673128,0.517602436673128
0.34883190745863013,0.2345977418343081,0.4700952118269177,0.520006138778861
0.39181089461717167,0.5552645039396871,0.49448432674976917,0.4944843267497691
0.3412444497577206,0.5922404218186594,0.5934921204860175,0.5934921204860177
0.24860488461330632,0.6223834880484769,0.6010681970072269,0.601068197007227
0.23356736106861098,0.6111751197737356,0.5219543614757829,0.5219543614757829
0.18712427041050173,0.7157272474427572,0.6152757383492982,0.6152757383492982
0.29765027756828044,0.47765397264668885,0.49309731293503245,0.49309731293503245
0.5446308711071358,0.39579601904951417,0.47997321833615325,0.5477182317399717
0.16881000578456418,0.6406115179955187,0.4697559263050446,0.542896481343021
0.28418429571172876,0.44833290049567137,0.43137801080269633,0.4313780108026963
0.2739880994699718,0.48028093795276844,0.45338610446373734,0.45338610446373734
0.3523270542525393,0.5778668185508762,0.5539573269979078,0.5539573269979078
0.3425910828111318,0.5046426881339718,0.5600590316725407,0.5600590316725407
0.3137031247571562,0.4762124244420921,0.4702191638091642,0.4702191638091642
0.600945484537719,0.4915344894988461,0.4797241993586066,0.4797241993586066
0.3429296627591959,0.576455436213593,0.43899681397183526,0.49326983258269197
0.609812761548117,0.4983100017999985,0.4810931329771659,0.4810931329771659
0.12324745813255145,0.39576965417112997,0.44684579928229373,0.5699810935829173
0.32783819885003407,0.4533207370596023,0.6045831447602461,0.6045831447602462
0.22697853947152102,0.36104951320505935,0.527454420704878,0.527454420704878
0.4237701199309234,0.6655650352317477,0.6490024729138961,0.649002472913896
0.43369433132038004,0.5284523521941935,0.5896836340491624,0.6348480938162002
0.18641980485397458,0.5425472634424111,0.5043495938302648,0.5043495938302648
0.4271050453603432,0.6304104943149569,0.604134906602966,0.604134906602966
0.44672646870264054,0.34944967309908526,0.367392152382957,0.5306014942563518
0.5506604592365643,0.3965070771866633,0.465107033202512,0.465107033202512
0.32784283788581825,0.4576021963586559,0.482820982385498,0.482820982385498
0.18181765283733875,0.625117048291826,0.5775157420262638,0.5775157420262638
0.16549977466365562,0.42870765162869323,0.4232252283473122,0.4232252283473122
0.2589042747931396,0.5972577103654232,0.4854813511576614,0.5391561072610364
0.3027751282719672,0.45610415635277307,0.49394121623068465,0.6626351110863146
0.33444252711810407,0.4121141975531724,0.43063013532211747,0.5310684476390533
0.1857769546987078,0.43698142564534936,0.3987671489677739,0.4773720607633508
0.3278839940182585,0.6197521169643673,0.5799863231870155,0.5799863231870156
0.23660978270750732,0.3328796373329146,0.3802408336611294,0.6410743633281855
0.5049114512501393,0.37236570172836475,0.40240832612322974,0.40240832612322974
0.26240837648930193,0.6360319976756768,0.3634429072758487,0.507931411584496
0.3155331806631355,0.5099927839435103,0.4993367133918734,0.6093722562286522
0.45564954943987745,0.5414047445582758,0.5652114128679243,0.6397529447915353
0.2497441792293552,0.731205711811425,0.5790921641836492,0.6346547837437408
0.37698616728684164,0.23828294041343528,0.4262502697037264,0.4262502697037264
0.40641653657401866,0.49104089478571916,0.4659944188074413,0.46599441880744136
0.47415794587907967,0.5752781573945429,0.5291299401603404,0.5291299401603403
0.3261702541282535,0.3973636243596941,0.5040566079255224,0.5040566079255223
0.4255056592718428,0.2561061134337415,0.35156503355975816,0.5870866311819624
0.2755667763091785,0.5322949939751964,0.567789592762541,0.567789592762541
0.2048024090562095,0.5440157796059737,0.5202830375634313,0.5202830375634313
0.3044904243540304,0.5386541883922116,0.5780594162960104,0.5780594162960104
0.21877170841087967,0.5263924389179375,0.5209833070977556,0.5209833070977556
0.15174291295305242,0.3773901539749786,0.4367929621579319,0.4803983420065575
0.3682501073951331,0.20332549236073882,0.28780430576003024,0.44676071265181694
0.5820701311242236,0.6496660034949899,0.6705143358107972,0.6705143358107972
0.3860509356518358,0.6234417547268307,0.5910284597486966,0.5910284597486966
0.20399460360938737,0.6920766503388178,0.6137014487737699,0.6137014487737699
0.4716263651952617,0.6258372261176526,0.5650341274443598,0.5650341274443598
0.4603553731348269,0.5974508996349404,0.5564723493222452,0.5564723493222452
0.13443342736955,0.3550884019321591,0.34196311033468263,0.34196311033468263
0.3892086186234388,0.6487161837376412,0.6065141566731583,0.6065141566731582
0.2786943159285258,0.770988658080281,0.6827830957709179,0.682783095770918
0.2790082903477966,0.34375942744741367,0.37859442672467686,0.654238208542889
0.258792408364524,0.4528661132078733,0.5328392648984253,0.6042401348175022
0.4499436742688596,0.3537878365161944,0.49247942084335705,0.552595698074574
0.287511199383759,0.6356902400026374,0.6476023743387301,0.64760237433873
0.37097371259216905,0.4430703704893789,0.4660411064578894,0.6268706353711067
0.34206943465755535,0.6791343645342961,0.555933906757727,0.5979361866253281
0.2243829797997955,0.35318353022762505,0.4046016408585984,0.6560331813516256
0.3720435678122074,0.4261898429829645,0.506168921466654,0.5951734188796911
0.44343910283604404,0.7108248770627135,0.6508987105245092,0.6508987105245092
0.2734745153749798,0.16256593624481042,0.44424993299983573,0.49615895917169794
0.4111134169948486,0.5106288834047379,0.6007473079787258,0.6007473079787258
0.21096989061995042,0.4035562700849237,0.408029209236002,0.40802920923600194
0.34782234743304596,0.28270514368234523,0.4137165967484658,0.4642657538459428
0.7040314525916569,0.5575878945358219,0.5912078315716855,0.5912078315716855
0.24165892081918516,0.6418268551070935,0.5567145882582188,0.5567145882582187
0.30409463597128383,0.5482084654595858,0.4749048097146103,0.4749048097146103
0.4463263599865612,0.5280041341311693,0.5470458707346686,0.5470458707346687
0.2746658697879054,0.40410575560848594,0.44631337120362885,0.6344402526282602
0.18176359776119422,0.39339760544411556,0.3604368446089292,0.3604368446089293
0.6439079570677647,0.38859610757496893,0.4516660602813591,0.45166606028135914
0.2926550976674078,0.3638348460038156,0.3623037177579788,0.36230371775797887
0.4672609960075026,0.31530772287532954,0.3937133118236891,0.3937133118236891
0.2574792164924693,0.4417669627366353,0.43287762492726434,0.4328776249272643
0.2600480402524339,0.4977170577503269,0.5018978788085421,0.501897878808542
0.2635514794967778,0.5188254807580928,0.5436341898592121,0.5436341898592121
0.4391306608048505,0.5427202972311159,0.5080011022495522,0.6761841806281258
0.36229349000020483,0.5550555216500215,0.5382419079911082,0.5382419079911082
0.3116529166546489,0.5937752113901572,0.5537657809954428,0.5537657809954428
0.26814322961192083,0.5284930118682665,0.5148151690464284,0.5148151690464284
0.19249315063582706,0.33297796811903885,0.49371531349309516,0.49371531349309516
0.34239512329585964,0.6532556314142752,0.49043055860403706,0.5476667863424267
0.18424865157267423,0.38533363832867074,0.4027848812105679,0.40278488121056794
0.274212889124147,0.461192337747334,0.4496673922113135,0.4496673922113135
0.35248104694335114,0.49041408224639776,0.48035715055256245,0.4803571505525624
0.5787564763599993,0.3814288998604781,0.4202759772592638,0.4202759772592638
0.1665035470495151,0.44697745383496357,0.47173986560068837,0.47173986560068837
0.4943708110457581,0.3648770364720578,0.4444536207601517,0.5483524780489619
0.4054716763304185,0.5208281381454616,0.5307367397328255,0.5307367397328255
0.25232274426374524,0.45957114505946445,0.5210096794019654,0.5747853117006947
0.30158686987355154,0.5648517020227793,0.5498205388452094,0.5498205388452093
0.42294354374155774,0.310063262854812,0.48385761335333105,0.48385761335333105
0.2661013685373086,0.5830048443640155,0.42833805194970676,0.472933818770411
0.5694972585185759,0.7620843404219451,0.0,0.7466408737887906
0.24361479198219427,0.5342001749856045,0.5493238199416457,0.5493238199416457
0.17478128487493383,0.50271435415575,0.5256492683144315,0.5256492683144315
0.14609656554132022,0.5010373471576726,0.4565101481871003,0.4565101481871003
0.4051971425753297,0.5006203690264884,0.49875382008209923,0.4987538200820993
0.2651707411833556,0.5828676538501253,0.5735255066278978,0.5735255066278977
0.2717175988981797,0.5229222708326804,0.539960555536315,0.539960555536315
0.2814773024509194,0.38911036522845194,0.45083894579251926,0.5138890303007135
0.17396370590333865,0.5860508114096081,0.48688065690160204,0.486880656901602
0.5954148016201084,0.7132047016192682,0.6991818686267656,0.6991818686267657
0.4173829418004733,0.36869952744393253,0.4554540869620274,0.5240154417940459
0.14387615538978016,0.28464240693473075,0.4765832599984993,0.4765832599984993
0.23301896439683478,0.32785279202713025,0.3532862254678625,0.5297552999389806
0.4156277820291552,0.5579653299244194,0.5457310336389991,0.5457310336389991
0.35874251054288864,0.7138103649622971,0.6788355409329132,0.6788355409329132
0.33540681349634693,0.6524673823767788,0.6344772341787955,0.6344772341787956
0.37582121900794097,0.2981458500036554,0.4011682521801216,0.4011682521801216
0.2854040684634225,0.6884145598536653,0.5585943898668586,0.6024949248599583
0.6144994602551925,0.4299769613970615,0.4660468279773759,0.4660468279773759
0.21208123747737773,0.537057471773939,0.5280049863865877,0.5280049863865877
0.2343250656505268,0.5456889832948766,0.531526092857399,0.531526092857399
0.14660830036000316,0.4925079519124953,0.46383656854268385,0.46383656854268374
0.40035662683983064,0.6278566498971845,0.6127900700066865,0.6127900700066864
0.5375811380515143,0.4133657362528326,0.4622452463306235,0.46224524633062347
0.5668584332940947,0.35496019300874854,0.4100997790122997,0.4100997790122997
0.4595629775055219,0.304472306865977,0.32047753845981636,0.3204775384598164
0.5183654633353206,0.38578218517406543,0.4354029657127792,0.43540296571277926
0.45495687972773713,0.6501955596198024,0.3932314455018817,0.6085700861621236
0.2626954770019353,0.5689904440671799,0.5047506869564929,0.504750686956493
0.2336904488253636,0.4896025764334851,0.49446256457023235,0.49446256457023235
0.427541855359712,0.29420107442240495,0.4618069139956104,0.5131028387955008
0.47190251056452304,0.683815256072041,0.6762006988177749,0.6762006988177749
0.23833721062799695,0.44500137908631704,0.43104802842188905,0.5062618707692901
0.16885928936703531,0.40861585641594095,0.43788104561082747,0.644218580094033
0.2059881841884732,0.5835303699224511,0.5493829164714854,0.5493829164714854
0.19819638642166815,0.6528662462857859,0.5021658890632905,0.5021658890632905
0.31922529778618847,0.6078568498166445,0.5535740953280288,0.5535740953280288
0.37625932933042194,0.8128423710472672,0.5921726390848419,0.7307144851120518
0.28467473884646366,0.4048965790968098,0.46273912310292886,0.5325038762172594
0.3759712219291391,0.23915170073160114,0.4652707934692178,0.4652707934692178
0.3616660831950428,0.7041257908572157,0.5791459805541075,0.6291623293793215
0.5402172667786186,0.36378202905270374,0.3891855015303222,0.3891855015303223
0.9865694907793265,0.7377602086088892,0.6280834075994721,0.6280834075994721
0.17081370630621073,0.41537797677746624,0.38574781989501794,0.38574781989501794
0.5934964158218514,0.4453552648334737,0.47153495668066014,0.4715349566806602
0.6428065910861737,0.44312460392579217,0.46802249735599,0.46802249735599
0.2585572636402459,0.5263907132919018,0.5311956179016171,0.5311956179016171
0.3507097879920843,0.25206133519058616,0.5450177551849689,0.5450177551849689
0.36672190859379905,0.5092225733385195,0.5075023867672401,0.50750238676724
0.3787033555811593,0.7469346246817729,0.6878103576311196,0.6878103576311196
0.5441260019631009,0.35545666857338754,0.42121940924867896,0.42121940924867896
0.17397739952180358,0.36890345706186506,0.4278379310015793,0.4677499913435855
0.30306576117510164,0.4019711835323504,0.5466895056099218,0.5466895056099217
0.19494276897015983,0.4569891297904145,0.47958676813519074,0.4795867681351908
0.43211623680192934,0.6412100513486723,0.6360287639284466,0.6360287639284466
0.311512299013986,0.5569962946182457,0.5612759485941211,0.5612759485941212
0.4426548482604331,0.651927991824998,0.6108594462466356,0.6108594462466357
0.269439446303655,0.4430115162301513,0.4569901238605708,0.45699012386057075
0.19333923361205219,0.27638153022143463,0.3302237804376404,0.655132966866135
0.16823657910849188,0.3734960167301082,0.3894586943210435,0.3894586943210435
0.24746298123314636,0.506983571102839,0.4937176765860783,0.49371767658607835
0.45820480525221596,0.24786673139200954,0.36084726749535323,0.6160671059704029
0.16427044945592806,0.4061180311778065,0.37886170413207,0.5986039391914995
0.20934839938409877,0.501190046996409,0.5220244097250812,0.5220244097250812
0.24665644684477783,0.36969084130998364,0.3840592755386768,0.3840592755386769
0.277891125987756,0.5957950763015116,0.582062795842227,0.582062795842227
0.20351110833188646,0.5981488259435752,0.5688324224621619,0.5688324224621619
0.199156897597067,0.6335249657435518,0.5873694243168398,0.5873694243168397
0.2622743218149849,0.35217884032354263,0.5489528062730286,0.6103108500645387
0.5151922261382137,0.3206649420771829,0.40263181283974814,0.6149148486554448
0.2688615449790066,0.37653734216332413,0.37008377980205376,0.37008377980205376
0.19124212907612137,0.5228860443609995,0.5646675674189865,0.6253901412894756
0.2652285225026746,0.40308409870922546,0.47280260485911285,0.47280260485911285
0.517131892010638,0.32200236003686566,0.4223741012896379,0.5558997770615539
0.1948404916553641,0.28922476600526126,0.3426014360808946,0.5255912352471832
0.13063438155735974,0.507304576426773,0.5115379382851515,0.5115379382851515
0.20117523228887946,0.3378142060667014,0.42252860414921783,0.4882356237801265
0.15569259775593292,0.6178209225240823,0.46557178012184014,0.5337337523281703
0.18690729645011817,0.5789533045859947,0.5235961711156878,0.5235961711156878
0.2503587295708555,0.3551503404324091,0.41345061358516766,0.47826849945574823
0.44206621311807504,0.35533257301633625,0.40021535656840335,0.6109777140212813
0.33410465208656326,0.4440586307558558,0.4528622512093448,0.45286225120934476
0.3235246137370379,0.49018279240844514,0.4531944202970165,0.45319442029701645
0.2706836043017311,0.4663011598413719,0.44425607433438224,0.44425607433438224
0.19106213934635818,0.5699275775129562,0.5230680579988725,0.5230680579988725
0.2519982216440717,0.5177738354488075,0.5366726114278487,0.5894813859307463
0.30835212167619874,0.44465725752338253,0.44283221376344356,0.6303075983013808
0.1996697380406467,0.6135836672282938,0.4546239138653698,0.507503213960129
0.4063664052774615,0.6243746209478058,0.4438104357371762,0.5667453498228827
0.33799878102849,0.43091086482804253,0.4747669374352751,0.4747669374352751
0.4105986972382666,0.5901549107942199,0.6086763024109103,0.6086763024109103
0.4179685080138871,0.6414817421108316,0.5573851476895668,0.5573851476895668
0.3320007021176792,0.6583629911897775,0.5116348647542379,0.511634864754238
0.24634824724230187,0.43660332973075466,0.4423245461827929,0.4423245461827928
0.23318755442161632,0.45807077923858086,0.4576638787329551,0.4576638787329551
0.294701369885528,0.45870337669676037,0.5049443990435374,0.5049443990435374
0.3789559098125076,0.6163395615375845,0.6315388682413088,0.6678055826542268
0.23073459020705378,0.5733407417756011,0.5264778468630675,0.5264778468630675
0.33735907835727963,0.5118665084623821,0.4984626478084023,0.4984626478084023
0.16098443168737475,0.7483097468519035,0.6117034671177094,0.6117034671177094
0.40789423678019043,0.28949010181867624,0.5342007507180674,0.5921844552316946
0.28684664564719997,0.5650971846039811,0.48878530083334426,0.618156451770077
0.7928400452735271,0.5605475672754321,0.5652059816242329,0.5652059816242329
0.28725769487706765,0.5447609326339433,0.5292607680702024,0.5292607680702024
0.4819001671099774,0.6398927748587817,0.6404910309670707,0.6404910309670708
0.28557961623863637,0.6763526962386139,0.6162229777283963,0.6162229777283963
0.2193893891962463,0.6019124518831276,0.5323618853322888,0.5323618853322888
0.23556593459450126,0.5934657131065109,0.43295746062299073,0.4979818963035912
0.4050010985875484,0.5982083301779813,0.5979931678675228,0.5979931678675228
0.36663770009645646,0.7616175302631008,0.5624420344110683,0.6237934357623438
0.4162849285443547,0.30495436916990776,0.5112965945565215,0.5112965945565215
0.22675861740051595,0.47748275191950496,0.5054301082295649,0.5054301082295649
0.1796512179553419,0.7435388454240578,0.6233566511791465,0.6233566511791465
0.19110562269114495,0.38745057138386363,0.4690827925162644,0.5177166283250658
0.3216863687013094,0.63860923673636,0.5987555426015763,0.5987555426015763
0.3200595641835825,0.6492228753820255,0.6151618664904004,0.6151618664904004
0.19957161589593875,0.37278826783823416,0.4318889868946664,0.4896508645071219
0.6153478406285743,0.5157092555186302,0.5664772403046828,0.6411269235987511
0.21027617790186137,0.4844636815044456,0.37144883338460866,0.4294351207406534
0.31003402401245006,0.632126331850582,0.5891296129549188,0.5891296129549188
0.5663228801665321,0.3974968157755677,0.4343859015421618,0.4343859015421617
0.35982490063656647,0.6090331588181012,0.5736268206178143,0.5736268206178143
0.2981503562765556,0.5867250941310651,0.5697441045476229,0.6672677872667951
0.19892977979503834,0.3061361198331153,0.3601327174812578,0.4643956982660911
0.15737158334991042,0.6857821421579455,0.5869954133645077,0.5869954133645077
0.2399489037236313,0.46267864192028074,0.501646657496299,0.501646657496299
0.18677252823112933,0.45518253066389597,0.4554573218914586,0.45545732189145866
0.19152132205014816,0.6259576426790047,0.5390741840513358,0.5390741840513358
0.1522282139168668,0.6982327777976852,0.5776983607180344,0.629472382796247
0.44572982090286917,0.4931623601043528,0.5035097619860557,0.5035097619860556
0.15061095306851913,0.566564744210087,0.523280857263333,0.523280857263333
0.2469654124670625,0.6649556970514485,0.6289429248118175,0.6289429248118175
0.4975660833887259,0.3402445046754053,0.39769089462607543,0.39769089462607543
0.18262513025310112,0.4680644639769738,0.39408965543143326,0.43458801360373345
0.3098471167532799,0.5513848236973561,0.39392943452139156,0.4352348699310251
0.23663313147000886,0.4746030816052514,0.47853620506743955,0.47853620506743966
0.2013991027938874,0.5146577504098403,0.49670510618491626,0.49670510618491626
0.19127737103739706,0.6322351612682677,0.477476857367487,0.5797812435140328
0.2781436404489108,0.7067494033582744,0.6140304722777519,0.6140304722777518
0.28266736054115904,0.5563508309021505,0.4179977905740405,0.509045679399176
0.4430399766351608,0.5304265856122237,0.5279052790419416,0.5279052790419416
0.27034859049558435,0.6754711024190967,0.6181517363187368,0.6181517363187367
0.2417645074796816,0.54373625388667,0.5054623761602429,0.5054623761602428
0.210528488440613,0.6255836102407271,0.603685744496647,0.603685744496647
0.3799242909620145,0.6881480343640737,0.5424317533939136,0.6230257435842457
0.4864050355361782,0.6630238167142817,0.6323701490664686,0.6323701490664686
0.36901773241117275,0.6565312595154771,0.5797681992716652,0.5797681992716652
0.2672098954860741,0.3617633580185182,0.48448343337060207,0.6223196722045962
0.24471559702370094,0.641341489210631,0.5831900567226737,0.5831900567226738
0.3385540274370513,0.19231159855625946,0.28735627288767146,0.4812864551655226
0.28451195974244414,0.4082224686476178,0.4601689805655729,0.46016898056557287
0.2652850890860524,0.6363556130938528,0.5069216848582322,0.5637706729704234
0.1904134960249102,0.3056437455915797,0.43100376764563986,0.4904572204694338
0.30145618641066796,0.5180948701901973,0.5015236556567604,0.5015236556567604
0.5040700797484243,0.39378863500968186,0.42173440282446284,0.42173440282446284
0.3641210568415054,0.26241720301624555,0.41877530997236295,0.5219847826103897
0.27470503280714365,0.6098035413597478,0.5282561313762997,0.5282561313762997
0.30328102606544527,0.8019116706682871,0.5900791680062974,0.6553170849956022
0.18913869632674007,0.36417797444477407,0.3940454614005693,0.39404546140056923
0.2152438205009537,0.43540092957570936,0.4630047648218557,0.5648173257793193
0.3962772624917006,0.6032197791263031,0.626622252222201,0.7206823305184595
0.16844055113191525,0.6524629692126176,0.5939685250924457,0.5939685250924457
0.37320736910512686,0.6418117202233669,0.6312565534469406,0.6312565534469406
0.402785534046495,0.26187309814249365,0.3344251334743715,0.3344251334743715
0.2862590353831832,0.4960666376412164,0.6058163782518702,0.6058163782518701
0.16249841547444144,0.4073976885487212,0.43546819321965446,0.43546819321965446
0.17571524583682585,0.4884636252130001,0.4726680203060556,0.4726680203060556
0.18180846566694975,0.364472984271651,0.3898941517179039,0.5551986466860248
0.19623428168785562,0.566455928393355,0.4972792565469497,0.49727925654694966
0.127408071695429,0.37316346689884117,0.5605090181815386,0.5605090181815386
0.33966062048144274,0.4485426825757924,0.4121520984971888,0.4121520984971888
0.40470587432917016,0.7395481805418536,0.6763226293612095,0.6763226293612095
0.4794549781497657,0.5468119142343292,0.5691031774405879,0.5691031774405879
0.3982502348634128,0.21830704810955698,0.3304433017714654,0.5622949444003305
0.3429665197000782,0.5478001445539853,0.5676494284960931,0.6108417182723194
0.21285008603835742,0.48338684054124875,0.4693131921296464,0.46931319212964645
0.32694210025469495,0.7197914590425576,0.4926103554920272,0.6447056807523526
0.23921108803421876,0.4473560528366943,0.4765695457768872,0.4765695457768872
0.35484572343065823,0.4375959350874574,0.4625842723704785,0.4625842723704785
0.22458238265390107,0.6007456388055847,0.5368922110465262,0.5368922110465262
0.16682970495026284,0.4217510497559755,0.46124353045415234,0.4612435304541524
0.408927235756672,0.579586449372993,0.5934790557956494,0.6791351790278511
0.5003051563545148,0.30684612595354366,0.4097196418588693,0.4097196418588693
0.14810079862712744,0.4547348006580509,0.43702285000849606,0.43702285000849606
0.3943411463506643,0.2572502025431431,0.3144457731639574,0.3144457731639574
0.7249127466244395,0.5029933160347764,0.525915240632008,0.525915240632008
0.3201811674284386,0.45833944200832594,0.46797580267379674,0.46797580267379674
0.744419253813326,0.5964135474146295,0.603506853329189,0.6035068533291891
0.4404345706560461,0.6082347984058615,0.604937368752495,0.6049373687524949
0.32558113251901144,0.19095720515912562,0.4142357317966209,0.4142357317966209
0.26269330988000517,0.38549439386291795,0.3963690102497454,0.4541228531223385
0.476991915378175,0.31222246232217726,0.3933227800721917,0.3933227800721917
0.2774267348009791,0.42893584440581356,0.4691437406623632,0.5121907037709768
0.5176298283979672,0.29559659130686644,0.3787050812990954,0.6134662289152049
0.3062392452284004,0.6810638298277615,0.5629508002828668,0.5629508002828669
0.2566616898959144,0.5037072801112652,0.5142427598325734,0.5142427598325734
0.3552896432193188,0.4463344168315869,0.4359111098801898,0.4359111098801898
0.22325540106936093,0.6847903718203534,0.6059972763481193,0.6059972763481193
0.4245726071859556,0.2821465870824548,0.46757484959414447,0.5863262335525143
0.5274564637217322,0.3680541884400816,0.4068176346199338,0.4068176346199339
0.3012312947939082,0.3830156747207304,0.43459625702422344,0.47456167007655986
0.4253564962699836,0.5567370777381669,0.5193796377419307,0.5193796377419307
0.2825408636624436,0.5026915223046767,0.4573081110317847,0.4573081110317847
0.24894352479687276,0.42246833481094853,0.5655967706758398,0.5655967706758398
0.3419344935747266,0.5353205717785889,0.40746301413581265,0.5963361771720757
0.1645253723928124,0.3461804385220294,0.46735630664177236,0.4673563066417724
0.7194599676699719,0.517338352523629,0.4964614134561547,0.4964614134561546
0.2230900184453558,0.34250093655241637,0.474314230723856,0.6104123718432098
0.33594615337893385,0.644136901755312,0.606454913209913,0.6064549132099131
0.38306936972650674,0.5306800310064839,0.5318323366598536,0.5318323366598536
0.4395077804475518,0.2789847427710168,0.33564993916393177,0.33564993916393177
0.41052278435142786,0.3568711655350095,0.5277298668266528,0.5277298668266528
0.19371705077629786,0.49254977963875574,0.49290563487758865,0.4929056348775887
0.387050011934887,0.46128596401042526,0.4381292746193965,0.5515392696981287
0.2100473372920696,0.6861351141499621,0.5150261238944391,0.5830194965998092
0.25769564818917967,0.6048140945207929,0.5997046475296433,0.5997046475296433
0.39477531677168287,0.6865444635437479,0.5253522840990785,0.583937764962762
0.2447998730017259,0.3278802405188146,0.3454073083123731,0.4465983082285122
0.6478370386082265,0.4542517105851641,0.4850812350552851,0.48508123505528505
0.2625086042665441,0.4173490290983279,0.4482966901450879,0.5188007335650966
0.2788719262609649,0.5031762901554777,0.5156576337142309,0.5156576337142309
0.5298090570700541,0.34005983977701143,0.4118064128428689,0.4118064128428689
0.12897890792716526,0.44439831314129274,0.5147651297047938,0.5147651297047937
0.5162478232000605,0.33894275849232613,0.4639641811524327,0.5418651656828444
0.43867169680304885,0.5707773854765573,0.5408061808835614,0.5408061808835614
0.20951922431253212,0.38508495260866876,0.5143390002317371,0.5143390002317371
0.25736545840163405,0.4660988616462519,0.45695654455201284,0.4569565445520129
0.4481708470213185,0.5454700554730965,0.5696379083450648,0.5696379083450648
0.406082132559771,0.662894202063999,0.600818487042468,0.600818487042468
0.24563157404881453,0.4978435560655381,0.5268608958769204,0.5268608958769204
0.2682760204535567,0.5780248934268615,0.4937163933509065,0.4937163933509065
0.33631272750495556,0.6224990468940073,0.5218348255553478,0.5736983036955986
0.16975849820713584,0.6012197113167722,0.5317058405026178,0.6603136571180094
0.36973781087268875,0.5356261636477674,0.5402784610011705,0.5402784610011706
0.31378214330572873,0.4872547682074401,0.47353141641981233,0.47353141641981233
0.19105186870868285,0.7242691067368237,0.6617094668309327,0.6617094668309327
0.19854285886820167,0.6733454823082663,0.5347684911785187,0.5347684911785185
0.4082375193462987,0.5965982499592816,0.5687914347527174,0.5687914347527174
0.11793867487423348,0.45944626878387845,0.4732695849435905,0.4732695849435905
0.2878795033348446,0.46761411063326325,0.5663375589434037,0.6133877528570326
0.2522528338551704,0.5093973785167507,0.5186597871826398,0.5186597871826398
0.38495872263755715,0.623114185564705,0.5663064221459502,0.5663064221459504
0.363189123716225,0.5832401143234633,0.5652687037487831,0.5652687037487831
0.23600793032371203,0.39242114461832717,0.443129769636979,0.49374154262566894
0.5201602230243957,0.7281428972822652,0.5950303554025748,0.5950303554025748
0.20728252254973556,0.48609500848579695,0.4965947234158561,0.4965947234158561
0.6640741211998341,0.5357396964055914,0.5177357398920011,0.5177357398920011
0.1740104480161242,0.443005690251006,0.4299137974776467,0.4299137974776467
0.34989546364739865,0.44234199814481656,0.4560304019400485,0.6167201501837521
0.45186904465227784,0.3274313019217375,0.3977012774695594,0.3977012774695594
0.21613581231092072,0.5013097952822508,0.4863915290523846,0.48639152905238453
0.2518147020091317,0.5132736836513269,0.5247564899920911,0.6446158557523675
0.18345788475886504,0.4882943864755025,0.42100136562422463,0.42100136562422463
0.3424752191863042,0.22521883364856987,0.2857617804243526,0.28576178042435263
0.3293780670342177,0.7175460753009331,0.5530060399107178,0.6135406077953328
0.18936087579186278,0.4035277309902268,0.4313924079214283,0.4313924079214283
0.1786288767542995,0.2983915704190972,0.4521186717129246,0.4521186717129246
0.27067460596528936,0.5500422084748058,0.5484021844877045,0.5484021844877046
0.4412296690917168,0.5804021002802593,0.5305871514478323,0.5305871514478322
0.6194450738181533,0.681906639061072,0.6521988344720482,0.6521988344720482
0.1797978134950754,0.32377802222632746,0.3963137614010351,0.5703150245473614
0.15853615849992353,0.4240571253690879,0.4332159617684709,0.4332159617684709
0.23339626945812697,0.3403643480621574,0.3943027407563134,0.5311412997182369
0.3881330810022493,0.3074850916638722,0.34555557300511214,0.47373210669415833
0.4915142258318266,0.4123779831912771,0.4475451646748211,0.5406270098541999
0.44991278108550536,0.6550596816255401,0.5210183462327503,0.6321086810855542
0.20928776153011985,0.5043796722538232,0.35407043027901397,0.6557360121227391
0.3502723706693276,0.6656939905579369,0.5177870994680879,0.5732432659224832
0.5718287711826909,0.44054844134119314,0.48246395890967997,0.48246395890967997
0.19908231282795774,0.33033673935998487,0.497879160725298,0.4978791607252979
0.41621703103231444,0.49064465703450405,0.4742790894713114,0.47427908947131137
0.32997489529027646,0.5421903398477842,0.5323094880730488,0.5323094880730488
0.25266300217128235,0.6618612566965937,0.6070355606379697,0.6070355606379697
0.44359970131818716,0.5468460762290592,0.5040104376442724,0.5040104376442724
0.5138758347782336,0.3809041422920204,0.46153882839642413,0.5240438209633441
0.31610488794089564,0.6829602269028677,0.6177609195296434,0.6177609195296434
0.15336482741574564,0.510337751039456,0.5235572320661572,0.5235572320661572
0.4573166098928203,0.5544982023856236,0.5499388913760013,0.5499388913760013
0.15676294759929466,0.2905759828359025,0.31864230373245767,0.4897885946459988
0.13625056509197786,0.6721982173009706,0.6034331089376579,0.6034331089376579
0.3736502963729842,0.45584411230379435,0.4936179092874095,0.5295656556509705
0.40561939025544236,0.5034501308771162,0.49180930425030933,0.49180930425030933
0.27441263163568175,0.7690004463340625,0.61747857197355,0.6644913796147167
0.1728200514564523,0.5353908083319292,0.5087380385248151,0.5087380385248151
0.46354783925892185,0.5919122094199116,0.5899007849093821,0.589900784909382
0.3477700976044378,0.536242950684604,0.46550705329223663,0.5898872662442941
0.24986746525792936,0.5458989688848503,0.5463072800360143,0.5463072800360141
0.4181315997936227,0.6645736498864214,0.5625344126717515,0.5625344126717515
0.17999961661068686,0.39300437799305116,0.4701574561386481,0.526144556094748
0.22149354885964,0.5306417340897753,0.49060927384984776,0.49060927384984776
0.2137366879819107,0.3502245469568533,0.501251433745934,0.5549291780372814
0.3714633393344715,0.29962084047613646,0.47765723668178767,0.47765723668178767
0.17748183499101178,0.332158371931579,0.36145041340410133,0.5620729915827926
0.3255033381261354,0.4115764463156768,0.42132713253700027,0.5426873332531108
0.17619440616424753,0.4612039256958906,0.42873562899985346,0.42873562899985346
0.26380607494635755,0.3459127136930007,0.3694637195530209,0.7103753018956602
0.23725436365713726,0.614000870077597,0.5611805619009712,0.5611805619009712
0.4265919010543934,0.5947788687964963,0.6154295158767693,0.6154295158767693
0.7244223402693151,0.5641166727584072,0.5463842519044065,0.5463842519044065
0.38585944683610907,0.3189646668431403,0.5166763764006033,0.5166763764006033
0.41875899048265497,0.28415415451979975,0.30031742449020565,0.30031742449020565
0.49187595946082374,0.40972112669147487,0.5380731282691323,0.5380731282691322
0.12718118921688693,0.28435593264432224,0.45691316188515874,0.45691316188515874
0.23063864021426395,0.6645551652038129,0.6048778632117564,0.6048778632117564
0.3088608992364632,0.39030860431366876,0.40789415141401114,0.49908978414265326
0.40354862081368836,0.27210098002367755,0.3441329189315384,0.5459969000302012
0.2582643578871635,0.5837182957668823,0.5368817874254587,0.5368817874254587
0.3422655927897462,0.4895026331643819,0.502371219172969,0.502371219172969
0.6502969740735076,0.5208756224339894,0.5322585366292303,0.5322585366292303
0.3430440057930102,0.1961012647072189,0.45418188031514717,0.6052401379733343
0.24192772811923657,0.34047848604984227,0.47862578922496646,0.47862578922496646
0.4702962226915748,0.3422840160009172,0.3672123505997086,0.36721235059970864
0.35023661432707676,0.38411791562371417,0.46654719875501505,0.5111420838293514
0.33300763305224423,0.522539046660059,0.5093481030839234,0.5093481030839233
0.3109730213830333,0.5140178794845441,0.47156225798237283,0.47156225798237283
0.272467184033096,0.5362161816672555,0.5262109754050084,0.5943988234139561
0.5537282313983612,0.6967202538659146,0.7142896576065951,0.7844369965413824
0.21563976272584917,0.6515717964850044,0.5939481654285953,0.5939481654285954
0.5270709385134583,0.34562795128490853,0.40527926222204624,0.40527926222204613
0.6094452973272788,0.5015822334901582,0.4836923208063627,0.4836923208063627
0.39006606574762825,0.679241139827023,0.6347694779426661,0.6347694779426662
0.27454458474044463,0.45201129707915705,0.4800255555901334,0.4800255555901334
0.26459711188102997,0.357566825474053,0.3491588557611382,0.3491588557611382
0.2749791919736402,0.49196267076610106,0.4077238423937573,0.44456159724290734
0.3760417911091565,0.46473474594811226,0.4493101638738416,0.4493101638738416
0.4765679435800185,0.7234368175234274,0.624735622011475,0.624735622011475
0.4360482979725878,0.6047854733462097,0.6526892048124799,0.65268920481248
0.25345712967301626,0.512950312875869,0.4467268711234278,0.4467268711234278
0.2725577488154005,0.7179233726889783,0.6588286245144397,0.6588286245144397
0.21171677846196568,0.5822402863383451,0.5330450504410658,0.5330450504410658
0.14528600974578665,0.762222313970534,0.6504138594875823,0.6504138594875823
0.20117296711390076,0.4310679588793373,0.47569405021972533,0.5901463836674271
0.13181037349745917,0.6399557392008579,0.5880209830173739,0.588020983017374
0.36999888595997743,0.6198810435591634,0.5767430265520281,0.5767430265520281
0.3293535242499547,0.541002046963452,0.5505343020998694,0.5505343020998693
0.28893701665758265,0.6076921522380656,0.5797924342567697,0.5797924342567697
0.22264923522678537,0.450359607664607,0.47315934618302274,0.4731593461830228
0.46103356809781204,0.7324802452799406,0.7105832422128486,0.7105832422128486
0.6010826653932156,0.7994676244886152,0.7324787784407792,0.7324787784407792
0.481273951827605,0.402087510202753,0.45044415490977585,0.48751053405069367
0.35513176402571633,0.639050243114827,0.6264821475217928,0.6264821475217928
0.4017936703333638,0.28544878537700763,0.3670693850326605,0.6681538796485991
0.2709632078712195,0.5032464793036897,0.5497102250852082,0.5497102250852082
0.19987297464944365,0.4185207322609753,0.4472924285814678,0.4472924285814678
0.11394526944454353,0.5527322771528262,0.5018784496575095,0.5018784496575096
0.5705614046246065,0.3319243946732875,0.42927339679643095,0.4292733967964309
0.442937121734436,0.5420691741347423,0.6428995312458108,0.6428995312458108
0.3294166573744429,0.6917112702180025,0.5746934210370133,0.5746934210370133
0.26637764143002385,0.6630420852931835,0.6206884987022849,0.6206884987022849
0.36717381443129216,0.24487848546923757,0.3364622349291326,0.5374518734920406
0.3076550873563365,0.5940051565990794,0.566097829794368,0.5660978297943681
0.12970625799002689,0.48037823838881205,0.46771612480773095,0.46771612480773095
0.14601690559210823,0.37509724251487536,0.4148599381221,0.45564678943679493
0.29028367731476035,0.4514924877696462,0.42418259746875486,0.42418259746875486
0.22150105085385274,0.5144580346445902,0.5309869398718257,0.5309869398718255
0.5120233891087593,0.6832453011943662,0.6734272445939918,0.6734272445939917
0.2524138129765602,0.6184709032802025,0.44991539078938503,0.5429248341355289
0.2648662578135714,0.46257597412803253,0.4894924461497099,0.4894924461497099
0.3377107747242245,0.5224746966792172,0.5374399221580083,0.5374399221580082
0.3106009713953296,0.5468233135269498,0.5597157484636296,0.5597157484636296
0.5415062821224879,0.29990174299242245,0.0,0.5500372288292039
0.3477378355593156,0.5172528155782425,0.4943810156097733,0.4943810156097733
0.28485267661061364,0.6863596404284547,0.6213906190653941,0.6213906190653941
0.19177345829367098,0.5523834436258468,0.5092155816244512,0.5092155816244512
0.2659740646541121,0.7273365840099252,0.6396877758127497,0.6396877758127497
0.23540724884152664,0.607657392175075,0.5602327731999939,0.5602327731999939
0.2940033885949531,0.35404640588214703,0.38903598821795815,0.41961446817638376
0.26440429792964537,0.3661033549834923,0.3700463199403775,0.3700463199403775
0.4016531257643803,0.6800921945789626,0.6575033066665403,0.6575033066665403
0.1888701867628544,0.49931690068812257,0.4792781025883959,0.479278102588396
0.7160630534195581,0.5959846904463795,0.5501248135651852,0.5501248135651852
0.34171187934168834,0.5373936860657462,0.5243463216540086,0.5243463216540085
0.36014211413893804,0.597934750829254,0.5908943822443785,0.5908943822443785
0.20698630300011955,0.5774656640220168,0.5627706051855152,0.5627706051855151
0.2912233185782761,0.48875409977677464,0.45589373095063285,0.4558937309506328
0.17917967462532258,0.2816065504586093,0.3892006338210458,0.6625372395935852
0.28821196844810604,0.4208220807072311,0.43197828017626766,0.47262335227053676
0.1890172827464972,0.2922531794650337,0.34831671822933585,0.4042074799973733
0.32233845808094364,0.7812844859940555,0.5398636903521743,0.5398636903521741
0.3631325902594622,0.5170055541148251,0.5114433665659451,0.5114433665659452
0.3341364118761734,0.7123483900908714,0.6128085617642214,0.6128085617642214
0.5047543235655417,0.31021477360682914,0.40426102958755,0.40426102958754995
0.34027498223403085,0.5151018282429165,0.5681942493728998,0.5681942493728998
0.22112326288901496,0.5600467027332685,0.46561188611034177,0.46561188611034177
0.2742618501588997,0.6693080291041084,0.5104562320659176,0.5691070489187307
0.24190577259175783,0.44812929620543834,0.44449482168430565,0.5447545528430675
0.1709448935675858,0.3494386836752926,0.4086487136071245,0.40864871360712457
0.6878986454790752,0.4670846897911242,0.5041129543218559,0.5041129543218559
0.3302941754681341,0.5187559303115619,0.5148444312823093,0.5148444312823093
0.43777727188956894,0.5512925152349067,0.4703947012761009,0.470394701276101
0.321662471394747,0.42999029291940216,0.42551053399766814,0.42551053399766825
0.5194487863912376,0.4033895598094435,0.4604998662764164,0.4604998662764165
0.21929528250483066,0.4328428451657671,0.44330483400534465,0.44330483400534465
0.3289197782107244,0.24441651161742595,0.5357586311420814,0.5919297776835948
0.2855250717153396,0.6869049406908212,0.589891323818069,0.589891323818069
0.39335283874776183,0.6477603540373632,0.635276108239245,0.635276108239245
0.17260911290227454,0.6352726921915857,0.48472403714259127,0.4847240371425912
0.48071405648435594,0.37628739160513586,0.43045110977485057,0.5388090682598747
0.4623284974592826,0.58820776007215,0.512423508546608,0.512423508546608
0.13837856254191838,0.5371334852284226,0.4120715096029449,0.41207150960294486
0.26536973312034395,0.4954095724010865,0.4599634769006632,0.4599634769006632
0.4918568713931474,0.41851835484438893,0.5231893126903369,0.5931786355751816
0.6340550560109833,0.4243057886704928,0.526680141439659,0.526680141439659
0.33880116992711296,0.6907133271142681,0.5910766454199506,0.636743122802963
0.21115803743192696,0.4474586436241187,0.4524824417722668,0.551956759217245
0.2528549787625588,0.545275268903106,0.46055643744861713,0.6638397954413173
0.5335897301104087,0.36679932561157813,0.4386028133763774,0.561437771309318
0.251853362345709,0.5282081683124209,0.539826839536381,0.539826839536381
0.47570407818905625,0.5864979927225422,0.5706076064702612,0.5706076064702611
0.4093449208823926,0.5695222741645567,0.5272331110804402,0.5272331110804402
0.29403971003999907,0.547434412130124,0.6159974352417694,0.6159974352417694
0.33207389082382044,0.40672830128612397,0.41913965536032916,0.41913965536032916
0.17458398467636027,0.6072856533823945,0.551861587441122,0.551861587441122
0.20986467727912117,0.4445410314602853,0.4054784902522582,0.40547849025225824
0.18404103482144674,0.4943140163456806,0.5193656980082096,0.5705007978412144
0.67981812521997,0.3900297477437807,0.4095363899916049,0.40953638999160485
0.14878828384915288,0.27076087166887247,0.4678924003554523,0.4678924003554523
0.32814718051506864,0.5289528579316223,0.5284602727902352,0.5284602727902352
0.2778328995646543,0.7246600144108583,0.6635661142909935,0.6635661142909935
0.10304169343098268,0.5749604169377425,0.43425987793277554,0.4920530777752037
0.25350101610577314,0.3855177674589634,0.4697335772919062,0.5350558993568187
0.2340281753068746,0.4497795301739023,0.47386999626804954,0.5131470962043032
0.4842661981097255,0.31007617411865984,0.356091073469825,0.356091073469825
0.18624493829977473,0.31474918988736844,0.5590020946546017,0.5590020946546017
0.29338967558297835,0.456068708745739,0.5075115829876117,0.609750650225741
0.21714040403767187,0.644924172726203,0.6055654328219109,0.6055654328219108
